ID,Name,,Score 1,Score 2,Score 3,Score 4,Score 5,Score 6,Total Score,Average Score
1,monica,,80,88,78,97,76,65,484,80.66666666666667,,
2,popan,,86,84,73,76,87,67,473,78.83333333333333,,
12,papoy,,76,78,61,85,90,67,457,76.16666666666667,,
22,bobo,,72,79,60,89,91,64,455,75.83333333333333,,
122,meme,,87,76,74,78,100,64,479,79.83333333333333,,
0,,,0,0,,,,,0,0,2,2
,,,,,,,,,0,0,,
,,,,,,,,,0,0,,
1,monica,,80,88,78,97,76,65,484,80.66666666666667,,
,,,,,,,,,0,0,,
